회사이름,공고제목,회사위치,자세히보기
한창코리아,편집디자이너,경남 창원시 의창구,https://job.incruit.com/jobdb_info/jobpost.asp?job=2601190004230&src=etc*search
프로광고기획,광고 디자이너 모집,충북 진천군,https://job.incruit.com/jobdb_info/jobpost.asp?job=2601230002864&src=etc*search
(주)포비,웹 디자이너 & 패키지 디자이너를 찾고 있습니다.,경기 수원시 권선구,https://job.incruit.com/jobdb_info/jobpost.asp?job=2601230002865&src=etc*search
다옴헤어,헤어디자이너 모집합니다.,경남 창원시 진해구,https://job.incruit.com/jobdb_info/jobpost.asp?job=2601140005027&src=etc*search
서현패션,의류디자이너 모집,부산 해운대구,https://job.incruit.com/jobdb_info/jobpost.asp?job=2601220001092&src=etc*search
(주)동일아트송월타월우산,광고디자이너 구합니다,전남 목포시,https://job.incruit.com/jobdb_info/jobpost.asp?job=2601200002856&src=etc*search
신성디자인플래너,패키지디자이너,서울 중구,https://job.incruit.com/jobdb_info/jobpost.asp?job=2601220000258&src=etc*search
컴팍스알브이코리아,가구 디자이너 공개 채용,경남 김해시,https://job.incruit.com/jobdb_info/jobpost.asp?job=2601210002580&src=etc*search
주식회사 어노커 (ANOKER INC.),[ICEBALL] 주얼리 디자이너,서울 성동구,https://job.incruit.com/jobdb_info/jobpost.asp?job=2601150001811&src=etc*search
카카오뱅크(주),마케팅 디자이너,경기 성남시 분당구,https://job.incruit.com/jobdb_info/jobpost.asp?job=2601160001893&src=etc*search
탑디자인광고,전문 디자이너 채용,강원 동해시,https://job.incruit.com/jobdb_info/jobpost.asp?job=2601270001792&src=etc*search
대영인쇄광고,편집 디자이너 구합니다.,경남 거제시,https://job.incruit.com/jobdb_info/jobpost.asp?job=2601210003891&src=etc*search
태화출판인쇄,인쇄 출판 편집 디자이너 모집,경남 밀양시,https://job.incruit.com/jobdb_info/jobpost.asp?job=2601200001893&src=etc*search
(주)드림엘푸드,웹디자이너 구인,경기 광주시,https://job.incruit.com/jobdb_info/jobpost.asp?job=2601200004289&src=etc*search
주식회사 아트월드,공공디자이너 채용,세종,https://job.incruit.com/jobdb_info/jobpost.asp?job=2601210002024&src=etc*search
호남기독신문사,신문편집디자이너,전남 목포시,https://job.incruit.com/jobdb_info/jobpost.asp?job=2601140006401&src=etc*search
솔디자인,광고편집디자이너,강원 원주시,https://job.incruit.com/jobdb_info/jobpost.asp?job=2601140007302&src=etc*search
홈애드기획,광고디자이너 모집,전북 익산시,https://job.incruit.com/jobdb_info/jobpost.asp?job=2601140009889&src=etc*search
(주)엔씨소프트,[NCSOUND] 뮤직 디자이너 모집,경기 성남시 분당구,https://job.incruit.com/jobdb_info/jobpost.asp?job=2601130001023&src=etc*search
주식회사 기고만장,콘텐츠 & 커뮤니티 디자이너,서울 성동구,https://job.incruit.com/jobdb_info/jobpost.asp?job=2601130000734&src=etc*search
광양인쇄할인,편집디자이너구인,전남 광양시,https://job.incruit.com/jobdb_info/jobpost.asp?job=2601200004210&src=etc*search
욱일광고사,광고 디자이너 채용,세종,https://job.incruit.com/jobdb_info/jobpost.asp?job=2601140003947&src=etc*search
트레넷 (TreNet),웹 디자이너 채용 공고,경남 창원시 의창구,https://job.incruit.com/jobdb_info/jobpost.asp?job=2601140006588&src=etc*search
화인커뮤니케이션,편집디자이너 모집,대전 유성구,https://job.incruit.com/jobdb_info/jobpost.asp?job=2601270003803&src=etc*search
(주)체스트넛,웹 디자이너 (신입),서울 금천구,https://job.incruit.com/jobdb_info/jobpost.asp?job=2512150001124&src=etc*search
(주)더상상건설,인테리어 디자이너 채용,강원 강릉시,https://job.incruit.com/jobdb_info/jobpost.asp?job=2601190003648&src=etc*search
미소광고산업,광고 디자이너 모집,전남 순천시,https://job.incruit.com/jobdb_info/jobpost.asp?job=2601200000810&src=etc*search
커브출력센터,편집디자이너.모집,경남 창원시 의창구,https://job.incruit.com/jobdb_info/jobpost.asp?job=2601230003454&src=etc*search
주)아이엔씨미디어,경력 광고디자이너 채용,인천 부평구,https://job.incruit.com/jobdb_info/jobpost.asp?job=2601150003512&src=etc*search
유한책임회사 하이모,하이모 시청지점 헤어디자이너 채용,서울 중구,https://job.incruit.com/jobdb_info/jobpost.asp?job=2512180000739&src=etc*search
